{"cameraMode":{"drawMode":0,"name":"Shaded","section":"Shading Mode"},"sceneLighting":false,"audioPlay":false,"sceneViewState":{"showFog":true,"showMaterialUpdate":false,"showSkybox":false,"showFlares":true,"showImageEffects":true,"showParticleSystems":true},"in2DMode":false,"pivot":{"x":43.24651336669922,"y":1.3990757465362549,"z":12.260215759277344},"rotation":{"x":0.01723526418209076,"y":0.9732751250267029,"z":-0.21540531516075135,"w":0.07783087342977524},"size":1.3417588472366334,"orthographic":false}