{"cameraMode":{"drawMode":0,"name":"Shaded","section":"Shading Mode"},"sceneLighting":false,"audioPlay":false,"sceneViewState":{"showFog":true,"showMaterialUpdate":false,"showSkybox":false,"showFlares":true,"showImageEffects":true,"showParticleSystems":true},"in2DMode":false,"pivot":{"x":-0.003441479057073593,"y":0.03214769437909126,"z":0.06286698579788208},"rotation":{"x":0.01930958777666092,"y":-0.6625686883926392,"z":0.01712450198829174,"w":0.7486045360565186},"size":0.4717959463596344,"orthographic":false}